id,first_name,last_name,age,state
1,Conrado,Dufour,18,CA
2,Milly,Byrkmyr,51,TX
3,Shaylyn,Hallowes,33,AK
4,Hendrika,Learmonth,49,CA
5,Cullen,Jory,29,TX
6,Christin,Bracken,68,TX
7,Dwayne,Ludvigsen,61,TX
8,Ferd,Gorman,26,FL
9,Jackson,Tregien,52,CA
10,Joel,Wincom,56,TX
11,Warde,Almack,79,TX
12,Alika,Acreman,75,KY
13,Billie,Luberti,55,MO
14,Marylou,Sewell,71,WY
15,Rossy,Osant,79,NY
16,Lynnell,Tax,35,TN
17,Sophey,De Andisie,32,CA
18,Dunstan,Haitlie,65,CA
19,Trudie,Tooker,60,CA
20,Rene,Vezey,22,SC
21,Amaleta,Gelsthorpe,52,NM
22,Trstram,Barok,58,CA
23,Vince,Salmon,55,CA
24,Antonella,Ainsley,21,WI
25,Kalinda,Wilbore,57,NY
26,Claudia,Stimson,49,KS
27,Margot,Battle,45,IL
28,Sybil,Barclay,67,ID
29,Frants,Garci,76,PA
30,Raeann,Cloutt,36,MI
31,Jaime,Boys,24,KY
32,Sonja,Twyford,56,GA
33,Esme,Wakley,73,FL
34,Heidie,Kenaway,34,MS
35,Sigfrid,Milhench,77,KY
36,Jamaal,Tosney,69,MS
37,Jakob,Staff,68,VA
38,Amelia,Dibben,56,IL
39,Theadora,Virgoe,20,TN
40,Casey,Keener,32,TX
41,Modestine,Ferraro,53,AL
42,Jessika,Goggins,36,NY
43,Ernesta,Curphey,54,DC
44,Glen,Klesse,42,CO
45,Ardith,Paskin,65,NV
46,Arabella,Byre,51,NY
47,Georgeta,Shotboult,63,IL
48,Derrick,Mathiassen,32,TN
49,Doralin,Clampett,31,NC
50,Sheri,Hungerford,42,IL
51,Suki,Jerzyk,43,OR
52,Pepi,Kingescot,25,MO
53,Meggie,Burbridge,43,CA
54,Weylin,Filde,51,FL
55,Austin,Jouandet,38,CA
56,Hilliary,Ripping,44,CA
57,Marcy,Blower,76,WV
58,Reynard,Doulton,33,SC
59,Faydra,Arboine,45,NY
60,Hulda,Yegoshin,56,CA
61,Francesco,Chillingsworth,52,IN
62,Gerrie,Woofendell,69,MN
63,Randy,Broomhead,64,LA
64,Jayne,Lucock,46,VA
65,Calli,Penley,34,OK
66,Katya,Yorke,24,SC
67,Humphrey,Peart,42,TN
68,Virgil,Topham,59,TX
69,Gerri,Wybron,19,MN
70,Conni,Gibbard,55,AZ
71,Delmar,Ogbourne,44,TN
72,Trent,Beggan,54,TX
73,Stephenie,Fero,36,PA
74,Dale,Suggey,50,WI
75,Hillie,Clarkson,59,NY
76,Boy,Gillebert,32,CO
77,Shell,Algate,68,IL
78,Teresita,Rosendall,60,CA
79,Rodolph,Kibbey,39,AL
80,Chaim,Ewenson,57,WY
81,Diana,Juggins,41,CA
82,Hedy,McTrustrie,28,CA
83,Nancy,O'Loughnan,27,NY
84,Noll,Jeayes,67,NY
85,Nert,Papez,54,DC
86,Greta,Ebourne,43,HI
87,Nissy,Ickovits,65,AZ
88,Jameson,Czajka,24,PA
89,Brenna,Buckler,44,OH
90,Chad,Colpus,25,KY
91,Karalee,Vivien,41,CA
92,Lanny,Alday,63,FL
93,Conny,Rikkard,19,CO
94,Phillipp,Keeling,80,IL
95,Kenyon,Alberti,41,OH
96,Shela,Gilphillan,40,GA
97,Torrey,Vinau,51,IL
98,Cos,Flatman,50,MD
99,Mark,Delouch,60,CA
100,Teddy,Lambertson,38,FL
101,Noelyn,Skamell,45,AZ
102,Shela,Fevers,64,KS
103,Carmella,Heater,73,WA
104,Jean,Klejin,34,GA
105,Ava,Wraith,29,WA
106,Raimund,Govern,53,NC
107,Starr,Sighard,60,TX
108,Inglis,Darracott,78,MO
109,Charil,Jacombs,42,NC
110,Mathe,Temblett,31,NY
111,Dulcea,Stopp,48,CA
112,Maren,Crowthe,70,NY
113,Janaya,Songest,23,MD
114,Renato,Braitling,70,CA
115,Mitch,Adolthine,37,CO
116,Saudra,Enticknap,73,AL
117,Sibbie,Corstorphine,57,CA
118,Thomasina,Mellonby,65,IN
119,Laure,Lemerle,65,TX
120,Kirsti,Camilio,74,FL
121,Ddene,Corradini,60,NY
122,Jacintha,Terry,25,CA
123,Leda,Easey,51,TX
124,Kenon,Manifold,64,IN
125,Hildagarde,Gibbin,27,NY
126,Vito,Huggen,51,ND
127,Alisander,Clinch,69,FL
128,Shaylyn,Wyard,31,SC
129,Issy,Blowin,58,IA
130,Daffy,Eaglen,31,OH
131,Cathlene,Verbeke,20,MD
132,Orrin,Woodroffe,47,KY
133,George,Aspinal,26,DC
134,Karlen,Gulleford,19,OH
135,Ozzie,Hempel,29,MO
136,Orella,Dunford,50,MN
137,Daveen,Rain,45,IL
138,Ruddie,Arnison,48,MI
139,Vanda,Bern,59,MI
140,Maxie,Tollfree,39,IN
141,Katha,Adolphine,37,KY
142,Chris,Kimblen,73,NY
143,Holmes,Budden,26,MN
144,Andi,Edeson,56,IL
145,Barrett,Ogden,60,MA
146,Marsha,Skittrell,31,MN
147,Glynis,Laughtisse,34,FL
148,Shoshana,Castagno,34,MO
149,Frannie,Sabin,29,OK
150,Veda,Hardinge,59,OK
151,Ileana,Aiskrigg,39,NV
152,Cathyleen,Mitchelson,46,FL
153,Nert,Hinchcliffe,77,NC
154,Leland,Livzey,21,UT
155,Moyna,McGerr,78,OH
156,Janifer,Shooter,78,IN
157,Amalee,Petford,32,FL
158,Perceval,Delucia,29,IL
159,Billie,Holttom,22,KS
160,Tallie,Neaverson,79,MI
161,Mac,Dahlman,21,TX
162,Lorrin,Ferebee,70,VA
163,Elsy,Bloxland,44,AZ
164,Tamarra,Naylor,69,CA
165,Cornelius,Parmenter,23,MD
166,Hesther,Barthelemy,64,WA
167,Avery,Batteson,65,OR
168,Layne,Burdell,18,OH
169,Pasquale,Grzelczak,30,PA
170,Prinz,Hearns,32,GA
171,Monro,Pinks,50,OH
172,Effie,McAllester,30,KY
173,Rusty,Poulson,49,CO
174,Pattie,Maeer,49,HI
175,Marci,Suckling,60,MA
176,Nicoline,Impey,64,IA
177,Dewain,Pantry,57,TX
178,Benedikta,Baselio,38,WV
179,Vitia,Berndtssen,42,IL
180,Paulina,Baseggio,28,IL
181,Jean,Pietrowski,68,KY
182,Killy,Deesly,69,NM
183,Britt,Byrcher,79,TX
184,Frans,Sizey,73,OH
185,Gabby,Jakubovics,55,FL
186,Zacharia,Garnson,64,WV
187,Darn,L'Episcopi,40,VA
188,Saw,O'Scanlan,25,IA
189,Teresita,Dollen,47,IN
190,Marabel,Gilkes,44,AZ
191,Gates,Killough,58,CA
192,Elias,Abramovic,76,TN
193,Jennica,Pattlel,39,AK
194,Aileen,Reignard,51,VA
195,Uriel,Cops,65,OH
196,Gerek,Arington,25,FL
197,Alicea,Gepson,30,OH
198,Allayne,Longrigg,40,MS
199,Ryun,Stockhill,64,NC
200,Eleanor,Venney,80,TN
201,Thorin,Batchelder,35,CA
202,Sergio,Castille,26,FL
203,Vanni,Yitshak,39,CO
204,Raye,Bilt,42,WV
205,Olenka,Taffe,75,OK
206,Dona,Stanfield,63,GA
207,Rosalie,Velden,53,NY
208,Ginny,Hawthorne,78,NC
209,Debra,McGuigan,58,GA
210,Celestia,Lamburn,56,TX
211,Amaleta,Goman,51,MA
212,Carree,Dudbridge,77,NY
213,Allard,Cale,60,MN
214,Dana,Marchant,20,CA
215,Nari,Lope,57,TN
216,Clarita,Fishlock,69,TX
217,Gasparo,Shelford,59,LA
218,Estella,Bidder,23,MD
219,Marius,Lambe,78,CA
220,Byram,Mowatt,73,FL
221,Fayina,Mayes,33,MA
222,Johnath,McMurty,40,KY
223,Celinda,Tough,19,AK
224,Shantee,Corpe,33,FL
225,Travers,Eastope,78,NY
226,Marya,Gellately,34,MO
227,Rafi,Melly,31,TX
228,Jeannie,Venditto,28,CA
229,Brendan,Brislen,37,FL
230,Davin,Callingham,39,TX
231,Alano,Shory,25,NE
232,Josiah,Sutterfield,25,VA
233,Susette,Abarough,37,FL
234,Barnett,Gylle,45,PA
235,Aldo,de Nore,27,LA
236,Blinny,McGilroy,64,NY
237,Nathaniel,Playhill,57,TX
238,Carmita,Ipsgrave,51,CA
239,Erroll,Kubyszek,21,DC
240,Leshia,Licciardi,20,TX
241,Meredeth,FitzGeorge,44,NV
242,Monika,Crosi,36,DC
243,Guillaume,Pettifer,77,FL
244,Fee,Cosans,25,NJ
245,Keelby,Jansema,52,TX
246,Lorens,Siseland,31,MI
247,Valene,Chataignier,70,PA
248,Harlen,Van Eeden,55,CA
249,Clayborn,Faulkes,38,CA
250,Bonnie,Bascomb,52,IN
251,Calla,Gorvette,41,AL
252,Milty,Kobpal,32,OH
253,Case,Meiklam,69,OK
254,Birch,Lambarth,32,FL
255,Aili,Pymer,54,TX
256,Bernardine,Christofides,46,FL
257,Cullie,Murrum,78,TN
258,Jacki,Keys,40,AZ
259,Joell,McGrae,70,NY
260,Karin,Shelliday,23,CA
261,Eldridge,Taffley,46,NV
262,Amalie,Rhule,67,FL
263,Gordon,Learmont,63,KS
264,Eduardo,D'Alesio,48,VA
265,Meade,Trewman,18,IL
266,Othelia,Nelane,60,CA
267,Valentia,Barnaby,62,TX
268,Ilyse,Tichelaar,57,IL
269,Sanson,Crown,44,UT
270,Vivyan,Bursnall,53,AZ
271,Cirstoforo,Birtwistle,20,CA
272,Jon,Brecknall,78,ID
273,Perren,Longfellow,69,CA
274,Willy,Marmon,61,KS
275,Adelaide,Gennrich,26,CA
276,Ferdinande,Mandal,74,CA
277,Julina,Iwanowski,39,MN
278,Marten,Suart,34,NY
279,Cal,Strippel,70,UT
280,Hilly,Tirrey,76,CA
281,Fabio,Antonias,77,PA
282,Debbi,Ivel,58,LA
283,Chico,Mariaud,37,OH
284,Winnie,Wells,67,CA
285,Ilyssa,MacGrath,60,AL
286,Robers,McTrustam,34,VA
287,Kellia,Wybrow,31,CA
288,Nettie,Isenor,35,VA
289,Marjory,Hardwidge,73,NV
290,Janis,Beard,57,MO
291,Elna,Braisher,74,FL
292,Martelle,Demare,35,AZ
293,Morgun,Pullan,79,NY
294,Dyanne,Folbig,65,TX
295,Doria,Kleinber,73,TX
296,Trumaine,Weall,23,GA
297,Valentino,Signe,77,DC
298,Vladamir,Swate,71,TX
299,Estrella,Mattielli,33,KY
300,Carlota,Shelly,58,FL
301,Linell,Enterle,62,CA
302,Lorry,Bunny,45,TX
303,Hyacinthe,Cockett,20,TX
304,Efrem,Coutthart,66,SD
305,Port,Benfield,64,CO
306,Gerianne,Remirez,71,VA
307,Clerc,Scoffins,67,CA
308,Anna-maria,Gittings,35,RI
309,Dulcinea,Yesichev,30,NY
310,Griswold,Neiland,36,WV
311,Meridith,Maskill,43,PA
312,Arty,Glabach,71,IL
313,Yevette,Izacenko,21,DC
314,Christan,Elwood,64,GA
315,Melanie,Shatliff,63,DC
316,Gerri,Hof,31,TX
317,Kally,Langlois,44,MN
318,Ogdon,Gogie,80,NY
319,Cindy,Gabites,39,FL
320,Sallee,Allaway,56,MS
321,Romonda,Blurton,32,CA
322,Domenico,Jaan,40,AL
323,Christopher,Birtwell,58,MO
324,Scottie,Maceur,79,NY
325,Gwenore,Bransden,75,AZ
326,Ange,Kreuzer,72,CA
327,Abbey,Harrema,40,AL
328,Daisie,Pughe,70,TX
329,Gabriel,Fendlow,67,TN
330,Mathew,Exter,28,VA
331,Vaclav,Haddington,31,FL
332,Juline,McGourty,31,MI
333,Temp,Foddy,29,CA
334,Catlaina,Blaxley,30,NY
335,Shauna,Poulney,39,KS
336,Donalt,Capnerhurst,57,LA
337,Ree,Arrington,24,DC
338,Tiffi,Trow,35,IL
339,Hymie,Squelch,36,IL
340,Mirabel,Batisse,37,MN
341,Mitzi,MacEllen,58,FL
342,Marthe,Davydychev,78,MI
343,Petronille,O'Hannen,19,SC
344,Harp,Georgelin,76,ID
345,Afton,Colls,34,MD
346,Jolee,Brundill,59,TX
347,Jordain,Whittenbury,51,TX
348,Reggie,Poundsford,20,VA
349,Daisey,Risbie,25,KS
350,Blondy,MacTrustam,24,MD
351,Mead,Rape,79,TX
352,Elfreda,Smidmoor,44,MI
353,Rakel,Clemmen,41,DC
354,Stephani,Beininck,34,KY
355,Mehetabel,Beany,34,TN
356,Terri-jo,Hindge,60,MI
357,Henryetta,Cronkshaw,24,MD
358,Isa,Cocher,33,MT
359,Peggy,Morden,58,TX
360,Chadwick,Hollows,32,NM
361,Ginnifer,Bartlam,41,MO
362,Alli,Boxill,21,TX
363,Koren,Shoebotham,34,NY
364,Carine,Drillot,47,IN
365,Cynde,Trenholme,33,NY
366,Mohandis,Wollrauch,30,TX
367,Theresa,Aguilar,32,WI
368,Rob,Cundict,77,TX
369,Deanna,Kesper,58,FL
370,Markus,Corryer,32,VA
371,Timmy,Blaxall,61,NY
372,Jaymee,Eakley,41,NC
373,Abigale,Skipperbottom,72,OH
374,Mina,Hobden,30,LA
375,Cristiano,Diamond,59,FL
376,Tadeo,Bellis,65,GA
377,Chic,Kyncl,33,CA
378,Micheline,Cozins,68,TX
379,Shannan,Reubel,80,DE
380,Torrin,Kilmurray,35,FL
381,Alejandro,Maestro,52,MN
382,Brnaby,Gebbe,78,NY
383,Brinna,Howkins,70,DC
384,Eulalie,Britland,45,CA
385,Warden,MacRitchie,37,NV
386,Kain,Palfrey,41,TX
387,Marjorie,Nenci,23,TX
388,Berne,Domm,51,CA
389,Zachary,Bettinson,73,FL
390,Nicholas,Berfoot,56,NY
391,Carlyle,De Ruggiero,40,IN
392,Jandy,D'Costa,36,MS
393,Faber,Scamp,54,DC
394,Jeramie,Bruckmann,62,FL
395,Brett,Chamley,57,GA
396,Alysa,Ghilardi,27,OR
397,Gennie,Binham,27,IL
398,Gray,Camocke,20,AL
399,Ramsay,Doubrava,26,KY
400,Delainey,Lewsam,45,CA
401,Abigale,Wellard,47,DC
402,Garry,Jancso,65,TN
403,Brenn,Muckleston,61,PA
404,Ondrea,Malone,74,VA
405,Valli,McVane,72,MA
406,Johan,Lahy,50,IN
407,Arny,Lauga,52,NY
408,Garvin,Moisey,78,GA
409,Britt,Esherwood,62,FL
410,Taddeusz,Tydd,67,IA
411,Misha,Halesworth,76,CA
412,Alanna,Schops,19,DC
413,Amerigo,Fealey,69,CA
414,Michelina,Fellgate,19,IA
415,Peterus,Playfoot,49,FL
416,Stevy,Cracie,55,WA
417,Carleen,Berkeley,39,PA
418,Tyson,Kem,45,NC
419,Sigmund,Gouldie,44,PA
420,Saw,Overlow,67,MN
421,Anatole,Mcwhinnie,70,FL
422,Shamus,Buckberry,49,CA
423,Minda,Harpham,73,TN
424,Bernarr,Phuprate,20,AZ
425,Harmony,Eggins,57,OH
426,Mame,Haslewood,67,WI
427,Mirabella,Eccleston,52,CO
428,Cy,Blaze,47,TX
429,Neddy,Lissandre,59,TX
430,Minnie,Kleinhausen,33,AL
431,Mariquilla,Sexti,36,WI
432,Bernarr,Ovanesian,69,ND
433,Marlow,Sneath,74,NC
434,Kimbra,Dietzler,52,TX
435,Titos,Bittany,77,CA
436,Leonerd,Dignum,41,WV
437,Genovera,Tonepohl,62,FL
438,Johna,Gradon,68,MD
439,Wayne,Bradshaw,59,MI
440,Regen,Anyon,79,DC
441,Wallis,Perrie,65,NY
442,Karleen,Dayer,66,IN
443,Neysa,Nizard,36,CT
444,Malva,Artus,41,NY
445,Izzy,Witherdon,58,NY
446,Gregg,Dungay,67,NY
447,Stephie,Hiers,19,NY
448,Valeda,Dicty,32,TX
449,Lek,Whysall,20,NY
450,Evangelin,Ballham,60,TX
451,Evangeline,Upsale,40,DC
452,Dahlia,Ogilvie,64,OH
453,Dewitt,Lent,63,CO
454,Morgan,McGreal,58,TX
455,Roderigo,Tremellan,65,CA
456,Florance,Gianulli,33,DC
457,Tremain,Dear,63,CO
458,Christine,Lock,58,IL
459,Joelle,Eicheler,53,OK
460,Hillie,Braben,34,KY
461,Torr,Fairlam,40,CA
462,Quinn,Petschelt,36,DC
463,Norean,Tillot,70,WA
464,Barbara-anne,Lambswood,56,VA
465,Laurie,Marrill,51,IL
466,Morgan,Limb,51,TX
467,Ebonee,Nangle,46,FL
468,Tommie,Pidgeley,20,TX
469,Lorianne,Tejero,66,MN
470,Kimmie,Millwater,35,ND
471,Hamilton,Cockland,25,SD
472,Cati,Raund,58,TX
473,Honey,Baggett,18,CA
474,Rickert,Livoir,20,WA
475,Fredi,Pusey,52,OH
476,De,Ousley,34,GA
477,Will,Cozins,71,MI
478,Yolanda,Neil,78,TX
479,Cherey,Halley,25,GA
480,Konstanze,Kinsey,69,IL
481,Benson,Petrina,59,TX
482,Ninnetta,Jorio,42,TX
483,Orsa,Mault,75,VA
484,Glenda,Joscelyn,26,OH
485,Andros,Toby,76,FL
486,Aaren,Killerby,74,TX
487,Ron,Touson,32,AZ
488,Dru,Garrard,64,MO
489,Blane,Jancik,53,NY
490,Bradly,Allenson,38,OH
491,Powell,Moppett,22,FL
492,Wilburt,Portis,33,TX
493,Issiah,Somes,51,TN
494,Maxy,Andreu,51,MI
495,Berenice,Bawme,32,NV
496,Terence,Ohrtmann,51,VA
497,Camile,Lideard,19,OR
498,Danita,Piercey,29,VA
499,Powell,Pickthorn,21,TX
500,Josi,Kobierra,47,MN
501,Bill,Klausen,60,MA
502,Pembroke,Jennrich,54,IL
503,Marcia,Mertel,52,OK
504,Adelina,Verden,27,TX
505,Flin,Roddick,62,IN
506,Leann,Hamstead,49,SC
507,Brandtr,Shovelton,44,NY
508,Fern,Branchflower,28,MI
509,Clemmie,Sandbach,58,MA
510,Elsa,Mertin,26,FL
511,Jacqui,Hadland,74,FL
512,Danya,Gowry,32,DC
513,Kyle,Simmers,20,NY
514,Charita,Klaff,79,TX
515,Dela,Tidcombe,24,PA
516,Marina,Dicker,58,MN
517,Francklin,Cattermoul,18,PA
518,Melloney,Bywaters,61,AL
519,Jorry,Jinda,68,IN
520,Ami,Tineman,29,NE
521,Annabella,Fearneley,60,MN
522,Nadiya,Vertey,62,AZ
523,Golda,Brundell,29,FL
524,Edlin,Dow,76,IL
525,Angelica,MacGilrewy,52,VA
526,Kalindi,De Mars,37,AL
527,Carol-jean,Maides,78,PA
528,Cherlyn,Dickinson,37,NY
529,Wilden,Barr,41,WI
530,Minni,Lamplough,41,NY
531,Emmett,Gianasi,40,TX
532,Sadella,Mulliner,45,CA
533,Hildegarde,Firmage,38,VA
534,Prudence,Gilluley,50,FL
535,Ericha,McQuarrie,41,WA
536,Rochelle,Cund,32,SD
537,Corissa,Pelling,65,NJ
538,Lulita,Taggett,29,FL
539,Ginelle,Elsdon,68,NV
540,Odey,Cristobal,67,MI
541,Paxon,Tows,24,VA
542,Amalia,Belvin,45,TX
543,Nate,Grute,70,MO
544,Evaleen,Trustey,20,GA
545,Piggy,Paternoster,50,PA
546,Giustina,Rabbet,48,NY
547,Basil,Faires,63,OH
548,Wendel,Hewins,50,FL
549,Marlin,Downage,31,TN
550,Steffie,Talmadge,67,TX
551,Gallagher,Grinnov,55,MS
552,Kari,Rosenbush,51,FL
553,Rana,Zammitt,62,TX
554,Baird,Scargill,36,TX
555,Bibby,Strongman,43,TX
556,Filippo,Paumier,61,PA
557,Gibby,Soitoux,73,IL
558,Jana,Pavlenko,41,MI
559,Anne-corinne,Debney,20,AL
560,Lay,Portinari,21,GA
561,Tedda,Pehrsson,43,NY
562,Sofie,Curnow,66,FL
563,Isabelle,Teasdale-Markie,80,MI
564,Ramona,Verrall,42,TX
565,Bethanne,Jzak,66,CT
566,Brendis,Treneman,56,AK
567,Suzy,Helliar,50,MN
568,Elwin,McTrustie,48,AL
569,Jilly,Carrivick,32,CT
570,Gideon,Moreland,73,OK
571,Issi,Maudlen,35,CA
572,Marci,Agent,57,WA
573,Alyson,Boutwell,51,DC
574,Thaddus,McGeechan,27,CA
575,Deeann,Noyce,23,TX
576,Allina,Arnopp,39,KS
577,Harri,Strethill,34,WA
578,Helena,Bront,33,KS
579,Amalie,Dulake,43,KY
580,Avrom,Preddle,30,NY
581,Allina,Mimmack,60,DC
582,Powell,Novotna,59,FL
583,Connie,Andriveaux,71,CT
584,Grannie,Cleverley,29,NC
585,Gilberto,Hartrick,70,KY
586,Wood,Applin,31,FL
587,Hilliard,Ugoletti,26,CA
588,Christine,Riddeough,47,FL
589,Delphinia,Macer,44,KY
590,Adrian,Runciman,80,TX
591,Jade,Seagrave,48,CA
592,Elise,Doxsey,37,VA
593,Demetra,Fearfull,71,CA
594,Hi,Tupper,44,NE
595,Vanya,Alleburton,20,PA
596,Haydon,Napier,35,CA
597,Chevy,Hamsson,53,AZ
598,Robina,Lidgerton,38,NC
599,Kareem,Kehoe,22,IA
600,Magdalen,Mingardi,23,GA
601,Mala,Croux,36,MN
602,Ileana,Loram,44,IA
603,Toni,Minihane,80,NY
604,Christabel,Lemme,21,AK
605,Brynn,Busain,56,KY
606,Bearnard,Neljes,74,LA
607,Paulo,Sambell,73,PA
608,Humberto,Kupka,21,CA
609,Keslie,Britt,20,OH
610,August,Bogges,76,PA
611,Cortie,MacConnal,20,LA
612,Jane,Saterweyte,41,VA
613,Rayshell,Cremer,55,MA
614,Davita,Zimmerman,40,DC
615,Zia,Succamore,68,AZ
616,Appolonia,Heigho,41,VA
617,Gerti,Weatherhill,60,CA
618,Egan,Gilhespy,41,PA
619,Anna-maria,Darragh,67,VA
620,Bordie,Ingram,80,LA
621,Olivette,Hackley,43,TX
622,Tommie,Pursglove,49,NJ
623,Krysta,Brion,50,OH
624,Leola,Quarmby,61,TX
625,Mata,Sutterby,19,IN
626,Hestia,Melville,67,VA
627,Audie,Gail,37,TX
628,Dona,Heggs,45,CO
629,Maryl,Micallef,72,AL
630,Cory,Prigg,41,KS
631,Pam,Abden,29,NY
632,Corry,Bech,67,NC
633,Clay,Franken,54,CA
634,Milty,Nottingham,38,LA
635,Jyoti,Crichten,70,IN
636,Gifford,Philippeaux,21,IN
637,Dinah,Ewdale,79,OK
638,Gretal,Greenhow,51,VA
639,Clotilda,Matyas,32,AL
640,Franz,Hawyes,19,CA
641,Sunny,Doel,27,IL
642,Gearalt,Jelly,24,WV
643,Jolyn,Tuffey,36,TN
644,Agnes,Yven,63,OH
645,Benito,Macguire,37,CA
646,Kin,Hordell,80,TX
647,Emylee,Mingo,56,TX
648,Anjela,Morston,33,CT
649,Alejandra,Sawbridge,54,AL
650,Jule,Sakins,53,CA
651,Barney,Baldinotti,48,DC
652,Errick,Mantha,72,MN
653,Merla,Iban,56,IL
654,Isidora,Vassman,26,PA
655,Sampson,Chad,19,CA
656,Udell,Bronger,73,TN
657,Pauly,Baylie,31,MN
658,Vic,Magne,31,TX
659,Derk,Zamboniari,29,FL
660,Fleming,Stanbro,27,WI
661,Merlina,Sousa,27,VA
662,Olin,Ferroli,26,CA
663,Ursulina,Oblein,74,NY
664,Kennett,Boxell,66,FL
665,Annice,Pinching,51,CA
666,Hube,Vinas,25,FL
667,Emmi,Godwyn,75,TX
668,Tami,Saladino,44,LA
669,Sabra,Macieiczyk,27,CA
670,Janey,Aymer,61,CA
671,Quentin,Gossop,36,MI
672,Caro,Beentjes,57,VA
673,Ebeneser,Condie,53,TX
674,Trixie,Nethercott,44,AR
675,Dosi,Mulhall,35,UT
676,Crista,Gapp,40,MN
677,Lurlene,Hovenden,59,PA
678,Nerte,Chaize,28,TN
679,Virgie,Diprose,47,VA
680,Eldridge,Glassborow,30,TN
681,Garvy,Marczyk,80,CA
682,Hillard,Worral,25,TX
683,Brigid,Chaudron,65,LA
684,Brandea,Simeon,56,OH
685,Sholom,Pre,57,NY
686,Lazare,MacGiolla,61,LA
687,Jania,Bidder,56,KS
688,Karlie,Ruffles,64,CA
689,Pris,Splevin,57,MA
690,Ruperto,Jarvie,25,WV
691,Jeniffer,Custard,43,MI
692,Barn,Colquete,30,FL
693,Arther,Heinritz,19,CA
694,Anabelle,Mark,38,MN
695,Brook,Dukes,25,CA
696,Cornie,Sangwine,49,MI
697,Kristos,Jozsa,26,CO
698,Evin,Docket,21,MO
699,Ashla,Ondricek,67,WA
700,Pammi,Keetley,77,NJ
701,Alana,Saffle,24,TN
702,Tynan,Grossier,40,MO
703,Tuesday,Treacy,49,CO
704,Morry,Filipputti,19,CA
705,Cesar,Niemetz,38,CA
706,Cherye,Brain,27,FL
707,Albina,Rubes,75,MO
708,Sigmund,Lippiello,70,TX
709,Rivalee,Aulton,20,ND
710,August,Tweddell,63,AL
711,Lief,Heartfield,75,CA
712,Valina,Enrique,29,FL
713,Karoline,Cornewell,69,TX
714,Raynard,Agneau,80,FL
715,Dorise,Ginglell,71,FL
716,Gottfried,Angel,68,NJ
717,Revkah,Kingsley,71,MA
718,Welsh,Willshear,29,CO
719,Derry,Tregidgo,60,AZ
720,Grant,Brittan,24,DC
721,Lilah,Hintzer,27,AR
722,Barrie,Burhill,47,OK
723,Louis,Runciman,43,DC
724,Farleigh,Beric,38,IA
725,Cris,Brisland,20,KY
726,Dorolisa,Kirwin,36,DC
727,Dena,Sidebotham,64,LA
728,Gearard,St. Quentin,38,NC
729,Fairleigh,Almon,64,CA
730,Gabi,Bruun,57,OH
731,Berkeley,Biner,53,NC
732,Tildie,Skacel,32,DC
733,Rancell,Stemson,19,TX
734,Ailey,Lavalde,50,TN
735,Riobard,Larway,19,MI
736,Raimondo,Filson,65,NE
737,Burl,Rudinger,43,OK
738,Winslow,Stoile,23,OK
739,Kippar,Challoner,34,OH
740,Idell,Adamowicz,49,NV
741,Francisca,Youles,19,MO
742,Cally,Tock,23,MN
743,Flin,Byrch,74,TX
744,Cleopatra,Michelotti,59,VA
745,Sallee,Carless,72,AL
746,Gwenora,Hovell,51,MN
747,Bradan,Wastall,42,VA
748,May,Conklin,57,VA
749,Babs,Caze,28,FL
750,Ferguson,Krochmann,70,UT
751,Bryn,Ridwood,40,KS
752,Linette,Carlson,31,TX
753,Rochester,Pashe,75,FL
754,Kaye,Branney,67,NE
755,Axel,Han,49,GA
756,Thatcher,Hawe,45,TX
757,Malina,Mayou,33,MN
758,Ardath,Napper,59,MD
759,Husein,Nottingham,66,MO
760,Jock,Zanetto,40,CA
761,Anatollo,Brimilcombe,45,MI
762,Lucius,Baff,42,TX
763,Bree,Watson-Brown,34,MN
764,Sherwynd,Colgan,36,NV
765,Kayne,Curado,43,KS
766,Ki,Garrique,41,MD
767,Kermit,Chstney,53,FL
768,Beulah,Wreath,74,OK
769,Zebedee,Blanket,69,TX
770,Terry,Maine,64,IL
771,Emmalyn,Jirick,66,CA
772,Howard,Kubecka,57,AL
773,Evangelin,Jeafferson,53,SC
774,Dex,Crowdace,80,NY
775,Ainslee,Stihl,63,TX
776,Deane,Soloway,71,TN
777,Dayle,Vice,50,CA
778,Lonnie,Cosbey,79,NC
779,Gay,Copin,55,CA
780,Gerri,Blazeby,61,FL
781,Vincenty,Kull,78,KS
782,Colline,Stapels,52,FL
783,Hilario,Major,35,TX
784,Deeann,Trotman,41,LA
785,Sandi,Jurick,45,CA
786,Pablo,Tomkiss,28,CA
787,Sammie,Kitchingman,67,MI
788,Sadie,Andriulis,76,GA
789,Odette,Stocken,25,MO
790,Demetri,Vynall,68,MI
791,Herculie,Matonin,18,AZ
792,Ryley,Putton,36,SC
793,Vanya,Yorke,78,NY
794,Derby,Heeps,56,CA
795,Lucais,Fedorchenko,61,NV
796,Quint,Holwell,33,NY
797,Kelly,Iacovucci,52,FL
798,Donnie,Tessington,49,CA
799,Howard,Simionato,27,MO
800,Gabriellia,Dormer,26,FL
801,Kalindi,Belton,49,NV
802,Cathee,Rupp,20,WV
803,Dniren,Muffen,35,KS
804,Renaud,Marples,66,AZ
805,Kerianne,Peasee,80,TN
806,Windham,Bimson,52,VA
807,Jamima,Robarts,69,IN
808,Benton,Pretley,46,NY
809,Zora,Priestner,76,AL
810,Wanda,Maudett,68,VA
811,Ardra,Bowmen,75,VA
812,Theressa,Warrier,35,NC
813,Yelena,Daulton,27,NY
814,Maximilian,Aloigi,55,PA
815,Sosanna,Hollingsby,59,VA
816,Sharlene,Adnett,66,NY
817,Marketa,Grishukhin,55,DC
818,Maurizio,Tonner,73,WA
819,Obed,Launchbury,79,TX
820,Brenna,Barta,47,DC
821,Erek,Fuge,21,VA
822,Ric,Chaffer,24,NJ
823,Hymie,Ionesco,37,CA
824,Bobby,Hearthfield,33,NC
825,Byram,Boyda,19,IN
826,Ainsley,Learmont,27,GA
827,Shalne,Van Der Vlies,58,CA
828,Jaime,Pressnell,48,ND
829,Jdavie,Picford,52,TX
830,Ryon,Buttwell,74,VA
831,Britteny,Bril,49,TX
832,Beret,Joplin,61,NY
833,Brand,Bernadot,54,NE
834,Emera,Biaggiotti,70,WI
835,Conn,Ugo,60,OK
836,Robby,Lamborne,40,TX
837,Tallou,Hullbrook,52,TX
838,Leon,Thomas,18,HI
839,Giovanni,Muckeen,65,NE
840,Emili,Jimson,23,MO
841,Nanni,Leahy,31,TX
842,Morie,Alwell,49,CA
843,Arnold,Given,47,TX
844,Rock,Callaghan,47,CT
845,Gerri,Baggett,76,TX
846,Sheree,Busst,58,KY
847,Knox,Fairfoull,79,DC
848,Bibby,McQuillen,25,OH
849,Nathalie,Scemp,70,VA
850,Andree,Bedbury,34,SD
851,Lilia,Rocca,55,WA
852,Aaren,Shearwood,71,VA
853,Darill,Stucke,41,OK
854,Cooper,Ness,47,KS
855,Danya,Vedyashkin,74,NV
856,Ainslie,McIlwraith,73,FL
857,Tod,Spykings,49,OH
858,Frederigo,Eydel,35,VA
859,Ferdinande,Lilly,22,TN
860,Kristina,Hearns,24,MN
861,Brigit,Yakunchikov,73,NM
862,Claire,Langhorn,38,GA
863,Elaina,Haighton,30,OH
864,Wendy,James,35,CA
865,Christy,Raise,26,VA
866,Gaspard,Partington,68,SD
867,Rocky,Clare,44,ME
868,Chaddy,Saunper,38,VA
869,Hugh,Binnion,64,OR
870,Lamar,Phythien,44,MS
871,Corbie,McPeck,61,FL
872,Candy,McKew,64,NC
873,Haskel,Boulds,74,MA
874,Jackquelin,Bourgaize,28,OH
875,Sibeal,Cristofari,41,TX
876,Vidovik,Fynes,66,KY
877,Tamarra,Petrashkov,35,CT
878,Ade,Harkness,32,PA
879,Caspar,Offen,30,IN
880,Miles,Melsom,33,VA
881,Sharline,Mathissen,74,NY
882,Dannye,Caldwall,43,AZ
883,Robbi,Scaife,80,AZ
884,Blondie,Guerreau,25,AR
885,Blythe,Cinderey,32,ID
886,Pattin,Calrow,40,CA
887,Liana,Riden,52,PA
888,Tina,Hallows,73,CA
889,Florida,Somerton,65,PA
890,Basilio,MacNeachtain,28,AL
891,Jana,Attewill,79,IN
892,Renie,Shalcras,38,CO
893,Ringo,Kellog,64,OR
894,Suzi,Winn,41,ID
895,Matelda,Goodby,71,CA
896,Shelley,Birdsall,33,NV
897,Chuck,Riddeough,71,IA
898,Bancroft,Saiens,79,OH
899,Lonnie,Glanister,75,WI
900,Hewett,Plumtree,70,NY
901,Ruthy,Tosney,32,IL
902,Lynnell,Jacox,57,KS
903,Casey,Barus,58,CA
904,Aubry,Leamy,29,DC
905,Carl,Paschek,74,MD
906,Homer,Schulz,39,CA
907,Leonerd,Arnoldi,74,IL
908,Nora,Kinsell,47,AL
909,Wyatt,Clopton,68,MO
910,Hillie,Schuster,56,AZ
911,Penny,Iltchev,53,KS
912,Broderick,Gurnee,64,TX
913,Neel,Durbridge,75,ND
914,Bren,Suttaby,28,FL
915,Jonah,Simonaitis,73,NY
916,Audrye,Beardsworth,30,TX
917,Merill,Cajkler,50,MN
918,Shanie,Cousen,23,WA
919,Nichol,Ickov,36,OK
920,Anne,Hartright,57,TX
921,Filmer,Navarro,51,WA
922,Clyve,Bittany,75,LA
923,Shelbi,Wiggall,63,MN
924,Polly,Balsdon,70,NY
925,Tomasine,Bryns,47,TX
926,Chicky,Stowell,23,MN
927,Bernadina,Buck,76,CA
928,Sarene,Bresson,56,IA
929,Hobie,Ghest,39,TX
930,Irena,Pettingill,71,FL
931,Miquela,Byers,32,TX
932,Sharyl,McNiven,40,DC
933,Marys,McEneny,30,CA
934,Keen,Fearnill,21,FL
935,Martin,Ing,22,TN
936,Danie,Haysom,47,TN
937,Curtice,Fright,76,NY
938,Jacquelin,Crowley,80,MD
939,Kaja,Ellsom,36,CA
940,Eleen,Neumann,47,OH
941,Merci,Epgrave,73,CA
942,Karim,Heustace,40,FL
943,Kermy,Houten,30,IN
944,Rosemarie,Scardifield,44,IL
945,Julius,Bordiss,44,IL
946,Reinhold,Marnes,70,CT
947,Shelley,Hathway,39,GA
948,Clarabelle,Burnitt,47,NJ
949,Denice,Kordes,49,CO
950,Johnathan,Ducker,69,FL
951,Alix,Yukhnev,53,NV
952,Arvie,Nare,45,IA
953,Nicolas,Monks,45,DC
954,Reynard,Liggens,70,WI
955,Quintin,Mogra,25,CA
956,Evangelin,Chin,50,OK
957,Marris,Ilyinykh,46,MO
958,Ike,Hurkett,78,NY
959,Dylan,Trustey,32,GA
960,Bart,Pateman,71,IN
961,Eleen,Braune,18,CA
962,Roch,Rowan,77,TX
963,Stillman,Goldster,73,TN
964,Alonzo,Rudolfer,53,MA
965,Bar,Seckom,71,GA
966,Joseito,Stadden,67,KS
967,Ginny,Bibb,21,CA
968,Gayel,Breeds,75,VA
969,Jany,Dufoure,74,DC
970,Otes,Rittmeier,34,SC
971,Alison,Foden,34,IL
972,Vinita,Boyat,36,MI
973,Raven,Goodwin,29,NY
974,Hersch,Clowes,23,NY
975,Beatrix,Koba,53,SC
976,Sheila-kathryn,Marrows,70,CA
977,Klarrisa,Bartul,46,TX
978,Nomi,Kiehnlt,63,ID
979,Randene,Akaster,62,WI
980,Celka,Faithorn,70,CO
981,Maison,Yardy,42,NY
982,Charline,Crevy,46,TX
983,Levon,Cottel,55,SC
984,Denyse,Livezley,61,TX
985,Dorthea,Doidge,70,TX
986,Findlay,Strutton,73,TX
987,Rayna,Gerge,65,TX
988,Carmine,Repper,71,NY
989,Kelley,Rugg,59,PA
990,Gabrielle,Berrisford,46,CA
991,Dallon,Reddle,74,TX
992,Rasia,Breen,78,PA
993,Zondra,Aleveque,54,AL
994,Ramonda,Lansbury,62,DC
995,Allayne,Rillstone,64,CO
996,Brody,Woolens,44,CA
997,Marcello,Fortman,67,NV
998,Marne,Torry,27,DC
999,Cristine,Petruk,76,TX
1000,Pacorro,Olesen,76,MO
